,precision,recall,f1-score,support
Indemnes,0.7344091010637384,0.771895601914567,0.7526858994681038,55365.0
Blessés légers,0.6785629750414223,0.47677211915145246,0.5600451491767873,54116.0
Blessés graves,0.3762581409117821,0.4236666666666667,0.39855754154907497,21000.0
Tués,0.14389748617043624,0.5614754098360656,0.2290842205005295,3660.0
accuracy,0.592577959013277,0.592577959013277,0.592577959013277,0.592577959013277
macro avg,0.4832819257968448,0.558452449392188,0.4850932026736239,134141.0
weighted avg,0.639698224974219,0.592577959013277,0.6052438459267867,134141.0
