,precision,recall,f1-score,support
Indemnes,0.7294281489632406,0.7662783346879798,0.7473992970835132,55365.0
Blessés légers,0.6722370120456522,0.47128390864069775,0.5541035250665363,54116.0
Blessés graves,0.3707551951343132,0.418,0.39296266451786194,21000.0
Tués,0.14348370927318296,0.5631147540983606,0.22869507323568575,3660.0
accuracy,0.5872030177201601,0.5872030177201601,0.5872030177201601,0.5872030177201601
macro avg,0.4789760163540972,0.5546692493567595,0.4807901399758993,134141.0
weighted avg,0.6342175552960896,0.5872030177201601,0.5997783553756652,134141.0
