,precision,recall,f1-score,support
Indemnes,0.7012558811543733,0.8205561696685957,0.7562298373001208,46137.0
Blessés légers,0.6637238287869677,0.5384615384615384,0.5945668009255292,45097.0
Blessés graves,0.4515342701462575,0.3598857142857143,0.40053421521241417,17500.0
Tués,0.1570759911894273,0.3740983606557377,0.2212526662788443,3050.0
accuracy,0.6224504401345452,0.6224504401345452,0.6224504401345452,0.6224504401345452
macro avg,0.49339749281925643,0.5232504457678966,0.4931458799292271,111784.0
weighted avg,0.6321721140441606,0.6224504401345452,0.6207285874831996,111784.0
