,precision,recall,f1-score,support
Indemnes,0.6940167064855344,0.8625831761926437,0.769172787011983,46137.0
Blessés légers,0.7504403522818255,0.4156817526664745,0.5350114873638997,45097.0
Blessés graves,0.4091959334565619,0.506,0.4524782830863567,17500.0
Tués,0.18322465157908197,0.4698360655737705,0.2636371998896146,3050.0
accuracy,0.6157500178916482,0.6157500178916482,0.6157500178916482,0.6157500178916482
macro avg,0.5092194109507509,0.5635252486082222,0.5050749393379635,111784.0
weighted avg,0.6582536085377391,0.6157500178916482,0.6113325818873561,111784.0
