,precision,recall,f1-score,support
Indemnes,0.6984076149808736,0.8508138803996792,0.7671141857692834,46137.0
Blessés légers,0.7431629942178465,0.4218018936958112,0.5381579505750216,45097.0
Blessés graves,0.40488831929696084,0.5054857142857143,0.44962895191623464,17500.0
Tués,0.1800860479409957,0.48032786885245904,0.26195797943674565,3050.0
accuracy,0.6135672368138553,0.6135672368138553,0.6135672368138553,0.6135672368138553
macro avg,0.5066362441091691,0.5646073393084159,0.5042147669243213,111784.0
weighted avg,0.6563699788568278,0.6135672368138553,0.611260419932507,111784.0
