,precision,recall,f1-score,support
Autres,0.919277712757064,0.8747295405371007,0.8964505241876315,94284.0
Blessés hospitalisés,0.4648148987267207,0.5861714285714286,0.5184866941292426,17500.0
accuracy,0.8295552136262793,0.8295552136262793,0.8295552136262793,0.8295552136262793
macro avg,0.6920463057418924,0.7304504845542646,0.707468609158437,111784.0
weighted avg,0.848130685941679,0.8295552136262793,0.8372795603106742,111784.0
