,precision,recall,f1-score,support
Autres,0.9825221427153539,0.9559291481965163,0.9690432350541894,108734.0
Tués,0.20040046721174704,0.39377049180327867,0.2656198164325998,3050.0
accuracy,0.9405907822228584,0.9405907822228584,0.9405907822228584,0.9405907822228584
macro avg,0.5914613049635504,0.6748498199998975,0.6173315257433947,111784.0
weighted avg,0.9611821377925922,0.9405907822228584,0.9498504934561446,111784.0
