,precision,recall,f1-score,support
Indemnes,0.6960463627959895,0.8486464226109196,0.7648087196866851,46137.0
Blessés légers,0.7395829318120495,0.4254606736590017,0.5401745495495496,45097.0
Blessés graves,0.4092224488827743,0.4929142857142857,0.4471862930609917,17500.0
Tués,0.17591069330199766,0.4908196721311475,0.25899653979238757,3050.0
accuracy,0.6124669004508695,0.6124669004508695,0.6124669004508695,0.6124669004508695
macro avg,0.5051906091982027,0.5644602635288386,0.5027915255224035,111784.0
weighted avg,0.6545156997984167,0.6124669004508695,0.6106592279409824,111784.0
