,precision,recall,f1-score,support
Indemnes,0.7105263157894737,0.8029130632680929,0.7538998504166964,46137.0
Blessés légers,0.667260843731432,0.5478413198217176,0.6016828415912716,45097.0
Blessés graves,0.45944485716215305,0.38874285714285717,0.4211471198192342,17500.0
Tués,0.1566218809980806,0.4013114754098361,0.22531063046479521,3050.0
accuracy,0.6242127674801403,0.6242127674801403,0.6242127674801403,0.6242127674801403
macro avg,0.4984634744202848,0.5352021789106259,0.5005101105729993,111784.0
weighted avg,0.6386512974908498,0.6242127674801403,0.6259754573612585,111784.0
