,precision,recall,f1-score,support
Indemnes,0.7238355616310472,0.7842499774225594,0.7528326585812,55365.0
Blessés légers,0.667587966407994,0.4641880405055806,0.5476107429368678,54116.0
Blessés graves,0.37959279194945006,0.4634285714285714,0.41734208156438957,21000.0
Tués,0.15005969326843605,0.446448087431694,0.2246202488143515,3660.0
accuracy,0.5956866282493793,0.5956866282493793,0.5956866282493793,0.5956866282493793
macro avg,0.48026900331423183,0.5395786691971014,0.4856014329742022,134141.0
weighted avg,0.6315967032312184,0.5956866282493793,0.6031070062891465,134141.0
