,precision,recall,f1-score,support
Indemnes,0.7118919837781393,0.7942292061771877,0.750809973235667,36910.0
Blessés légers,0.6997893930691174,0.4052331060480071,0.513252589081973,36078.0
Blessés graves,0.38094602708653014,0.40785714285714286,0.393942529925144,14000.0
Tués,0.12467658473479948,0.6319672131147541,0.20826580226904376,2440.0
accuracy,0.5723822516437804,0.5723822516437804,0.5723822516437804,0.5723822516437804
macro avg,0.4793259971671466,0.5598216670492729,0.46656772362795695,89428.0
weighted avg,0.6391777753093334,0.5723822516437804,0.5843011919926241,89428.0
